id,title,context,question,answers
62310,SberChallenge,"В протерозойских отложениях органические остатки встречаются намного чаще, чем в архейских. Они представлены известковыми выделениями сине-зелёных водорослей, ходами червей, остатками кишечнополостных. Кроме известковых водорослей, к числу древнейших растительных остатков относятся скопления графито-углистого вещества, образовавшегося в результате разложения Corycium enigmaticum. В кремнистых сланцах железорудной формации Канады найдены нитевидные водоросли, грибные нити и формы, близкие современным кокколитофоридам. В железистых кварцитах Северной Америки и Сибири обнаружены железистые продукты жизнедеятельности бактерий.",чем представлены органические остатки?,"{'text': array(['известковыми выделениями сине-зелёных водорослей'], dtype=object), 'answer_start': array([109], dtype=int32)}"
28101,SberChallenge,"В протерозойских отложениях органические остатки встречаются намного чаще, чем в архейских. Они представлены известковыми выделениями сине-зелёных водорослей, ходами червей, остатками кишечнополостных. Кроме известковых водорослей, к числу древнейших растительных остатков относятся скопления графито-углистого вещества, образовавшегося в результате разложения Corycium enigmaticum. В кремнистых сланцах железорудной формации Канады найдены нитевидные водоросли, грибные нити и формы, близкие современным кокколитофоридам. В железистых кварцитах Северной Америки и Сибири обнаружены железистые продукты жизнедеятельности бактерий.",что найдено в кремнистых сланцах железорудной формации Канады?,"{'text': array(['нитевидные водоросли, грибные нити'], dtype=object), 'answer_start': array([438], dtype=int32)}"
48834,SberChallenge,"В протерозойских отложениях органические остатки встречаются намного чаще, чем в архейских. Они представлены известковыми выделениями сине-зелёных водорослей, ходами червей, остатками кишечнополостных. Кроме известковых водорослей, к числу древнейших растительных остатков относятся скопления графито-углистого вещества, образовавшегося в результате разложения Corycium enigmaticum. В кремнистых сланцах железорудной формации Канады найдены нитевидные водоросли, грибные нити и формы, близкие современным кокколитофоридам. В железистых кварцитах Северной Америки и Сибири обнаружены железистые продукты жизнедеятельности бактерий.",что встречается в протерозойских отложениях?,"{'text': array(['органические остатки'], dtype=object), 'answer_start': array([28], dtype=int32)}"
83056,SberChallenge,"В протерозойских отложениях органические остатки встречаются намного чаще, чем в архейских. Они представлены известковыми выделениями сине-зелёных водорослей, ходами червей, остатками кишечнополостных. Кроме известковых водорослей, к числу древнейших растительных остатков относятся скопления графито-углистого вещества, образовавшегося в результате разложения Corycium enigmaticum. В кремнистых сланцах железорудной формации Канады найдены нитевидные водоросли, грибные нити и формы, близкие современным кокколитофоридам. В железистых кварцитах Северной Америки и Сибири обнаружены железистые продукты жизнедеятельности бактерий.",что относится к числу древнейших растительных остатков?,"{'text': array(['скопления графито-углистого вещества'], dtype=object), 'answer_start': array([283], dtype=int32)}"
5816,SberChallenge,"В протерозойских отложениях органические остатки встречаются намного чаще, чем в архейских. Они представлены известковыми выделениями сине-зелёных водорослей, ходами червей, остатками кишечнополостных. Кроме известковых водорослей, к числу древнейших растительных остатков относятся скопления графито-углистого вещества, образовавшегося в результате разложения Corycium enigmaticum. В кремнистых сланцах железорудной формации Канады найдены нитевидные водоросли, грибные нити и формы, близкие современным кокколитофоридам. В железистых кварцитах Северной Америки и Сибири обнаружены железистые продукты жизнедеятельности бактерий.",как образовалось графито-углистое вещество?,"{'text': array(['в результате разложения Corycium enigmaticum'], dtype=object), 'answer_start': array([337], dtype=int32)}"
9945,SberChallenge,"Кишечник млекопитающего подразделяется на тонкий и толстый (к последнему относятся слепая, ободочная и прямая кишка). Бо́льшая часть пищи переваривается в тонком кишечнике, через стенки которого основные питательные вещества всасываются в кровь. Остатки непереваренной пищи поступают в толстый кишечник, где они подвергаются бродильным процессам с участием эндосимбионтов — бактерий, грибков и простейших. Для видов, кормящихся грубой растительной пищей, особо важную роль в этих процессах играет слепая кишка, слабо развитая или вообще отсутствующая у плотоядных видов; стенки слепой кишки большинства млекопитающих содержат большое количество лимфатической ткани, из-за чего она играет ещё и важную роль в иммунной системе. В ободочной кишке каловые массы обезвоживаются, скапливаются в прямой кишке и затем удаляются из организма через анальное отверстие.",Куда поступают остатки непереваренной пищи?,"{'text': array(['в толстый кишечник'], dtype=object), 'answer_start': array([284], dtype=int32)}"
77672,SberChallenge,"Кишечник млекопитающего подразделяется на тонкий и толстый (к последнему относятся слепая, ободочная и прямая кишка). Бо́льшая часть пищи переваривается в тонком кишечнике, через стенки которого основные питательные вещества всасываются в кровь. Остатки непереваренной пищи поступают в толстый кишечник, где они подвергаются бродильным процессам с участием эндосимбионтов — бактерий, грибков и простейших. Для видов, кормящихся грубой растительной пищей, особо важную роль в этих процессах играет слепая кишка, слабо развитая или вообще отсутствующая у плотоядных видов; стенки слепой кишки большинства млекопитающих содержат большое количество лимфатической ткани, из-за чего она играет ещё и важную роль в иммунной системе. В ободочной кишке каловые массы обезвоживаются, скапливаются в прямой кишке и затем удаляются из организма через анальное отверстие.",Каким процессам подвергается непереваренная пища в толстом кишечнике?,"{'text': array(['бродильным процессам с участием эндосимбионтов'], dtype=object), 'answer_start': array([325], dtype=int32)}"
21730,SberChallenge,"Кишечник млекопитающего подразделяется на тонкий и толстый (к последнему относятся слепая, ободочная и прямая кишка). Бо́льшая часть пищи переваривается в тонком кишечнике, через стенки которого основные питательные вещества всасываются в кровь. Остатки непереваренной пищи поступают в толстый кишечник, где они подвергаются бродильным процессам с участием эндосимбионтов — бактерий, грибков и простейших. Для видов, кормящихся грубой растительной пищей, особо важную роль в этих процессах играет слепая кишка, слабо развитая или вообще отсутствующая у плотоядных видов; стенки слепой кишки большинства млекопитающих содержат большое количество лимфатической ткани, из-за чего она играет ещё и важную роль в иммунной системе. В ободочной кишке каловые массы обезвоживаются, скапливаются в прямой кишке и затем удаляются из организма через анальное отверстие.",В каком кишечнике переваривается основная часть пищи?,"{'text': array(['в тонком кишечнике'], dtype=object), 'answer_start': array([153], dtype=int32)}"
23312,SberChallenge,"Кишечник млекопитающего подразделяется на тонкий и толстый (к последнему относятся слепая, ободочная и прямая кишка). Бо́льшая часть пищи переваривается в тонком кишечнике, через стенки которого основные питательные вещества всасываются в кровь. Остатки непереваренной пищи поступают в толстый кишечник, где они подвергаются бродильным процессам с участием эндосимбионтов — бактерий, грибков и простейших. Для видов, кормящихся грубой растительной пищей, особо важную роль в этих процессах играет слепая кишка, слабо развитая или вообще отсутствующая у плотоядных видов; стенки слепой кишки большинства млекопитающих содержат большое количество лимфатической ткани, из-за чего она играет ещё и важную роль в иммунной системе. В ободочной кишке каловые массы обезвоживаются, скапливаются в прямой кишке и затем удаляются из организма через анальное отверстие.",Какие виды анатомических сегментов выделяют в кишечнике у млекопитающих?,"{'text': array(['тонкий и толстый'], dtype=object), 'answer_start': array([42], dtype=int32)}"
57220,SberChallenge,"Кишечник млекопитающего подразделяется на тонкий и толстый (к последнему относятся слепая, ободочная и прямая кишка). Бо́льшая часть пищи переваривается в тонком кишечнике, через стенки которого основные питательные вещества всасываются в кровь. Остатки непереваренной пищи поступают в толстый кишечник, где они подвергаются бродильным процессам с участием эндосимбионтов — бактерий, грибков и простейших. Для видов, кормящихся грубой растительной пищей, особо важную роль в этих процессах играет слепая кишка, слабо развитая или вообще отсутствующая у плотоядных видов; стенки слепой кишки большинства млекопитающих содержат большое количество лимфатической ткани, из-за чего она играет ещё и важную роль в иммунной системе. В ободочной кишке каловые массы обезвоживаются, скапливаются в прямой кишке и затем удаляются из организма через анальное отверстие.",Для каких видов млекопитающих особо важна слепая кишка?,"{'text': array(['Для видов, кормящихся грубой растительной пищей'], dtype=object), 'answer_start': array([406], dtype=int32)}"
68274,SberChallenge,"Город Байконур и космодром Байконур вместе образуют комплекс Байконур , арендованный Россией у Казахстана на период до 2050 года. Эксплуатация космодрома стоит около 9 млрд рублей в год (стоимость аренды комплекса Байконур составляет 115 млн долларов — около 7,4 млрд рублей в год; ещё около 1,5 млрд рублей в год Россия тратит на поддержание объектов космодрома), что составляет 4,2 % от общего бюджета Роскосмоса на 2012 год. Кроме того, из федерального бюджета России в бюджет города Байконура ежегодно осуществляется безвозмездное поступление в размере 1,16 млрд рублей (по состоянию на 2012 год). В общей сложности космодром и город обходятся бюджету России в 10,16 млрд рублей в год.",В каком году истекает договор аренды Байконура,"{'text': array(['2050'], dtype=object), 'answer_start': array([119], dtype=int32)}"
18340,SberChallenge,"Город Байконур и космодром Байконур вместе образуют комплекс Байконур , арендованный Россией у Казахстана на период до 2050 года. Эксплуатация космодрома стоит около 9 млрд рублей в год (стоимость аренды комплекса Байконур составляет 115 млн долларов — около 7,4 млрд рублей в год; ещё около 1,5 млрд рублей в год Россия тратит на поддержание объектов космодрома), что составляет 4,2 % от общего бюджета Роскосмоса на 2012 год. Кроме того, из федерального бюджета России в бюджет города Байконура ежегодно осуществляется безвозмездное поступление в размере 1,16 млрд рублей (по состоянию на 2012 год). В общей сложности космодром и город обходятся бюджету России в 10,16 млрд рублей в год.",Сколько стоит эксплуатация космодрома?,"{'text': array(['9 млрд рублей в год'], dtype=object), 'answer_start': array([166], dtype=int32)}"
23489,SberChallenge,"Город Байконур и космодром Байконур вместе образуют комплекс Байконур , арендованный Россией у Казахстана на период до 2050 года. Эксплуатация космодрома стоит около 9 млрд рублей в год (стоимость аренды комплекса Байконур составляет 115 млн долларов — около 7,4 млрд рублей в год; ещё около 1,5 млрд рублей в год Россия тратит на поддержание объектов космодрома), что составляет 4,2 % от общего бюджета Роскосмоса на 2012 год. Кроме того, из федерального бюджета России в бюджет города Байконура ежегодно осуществляется безвозмездное поступление в размере 1,16 млрд рублей (по состоянию на 2012 год). В общей сложности космодром и город обходятся бюджету России в 10,16 млрд рублей в год.",В какую сумму в бщей сложности космодром и город обходятся бюджету России?,"{'text': array(['10,16 млрд рублей в год.'], dtype=object), 'answer_start': array([665], dtype=int32)}"
12983,SberChallenge,"Город Байконур и космодром Байконур вместе образуют комплекс Байконур , арендованный Россией у Казахстана на период до 2050 года. Эксплуатация космодрома стоит около 9 млрд рублей в год (стоимость аренды комплекса Байконур составляет 115 млн долларов — около 7,4 млрд рублей в год; ещё около 1,5 млрд рублей в год Россия тратит на поддержание объектов космодрома), что составляет 4,2 % от общего бюджета Роскосмоса на 2012 год. Кроме того, из федерального бюджета России в бюджет города Байконура ежегодно осуществляется безвозмездное поступление в размере 1,16 млрд рублей (по состоянию на 2012 год). В общей сложности космодром и город обходятся бюджету России в 10,16 млрд рублей в год.",Что образуют вместе город Байконур и космодром Байконур?,"{'text': array(['комплекс Байконур '], dtype=object), 'answer_start': array([52], dtype=int32)}"
14554,SberChallenge,"Город Байконур и космодром Байконур вместе образуют комплекс Байконур , арендованный Россией у Казахстана на период до 2050 года. Эксплуатация космодрома стоит около 9 млрд рублей в год (стоимость аренды комплекса Байконур составляет 115 млн долларов — около 7,4 млрд рублей в год; ещё около 1,5 млрд рублей в год Россия тратит на поддержание объектов космодрома), что составляет 4,2 % от общего бюджета Роскосмоса на 2012 год. Кроме того, из федерального бюджета России в бюджет города Байконура ежегодно осуществляется безвозмездное поступление в размере 1,16 млрд рублей (по состоянию на 2012 год). В общей сложности космодром и город обходятся бюджету России в 10,16 млрд рублей в год.",Какая сумма выплачивается городу Байконур из федерального бюджета России?,"{'text': array(['1,16 млрд рублей'], dtype=object), 'answer_start': array([557], dtype=int32)}"
61629,SberChallenge,"Город Байконур и космодром Байконур вместе образуют комплекс Байконур , арендованный Россией у Казахстана на период до 2050 года. Эксплуатация космодрома стоит около 9 млрд рублей в год (стоимость аренды комплекса Байконур составляет 115 млн долларов — около 7,4 млрд рублей в год; ещё около 1,5 млрд рублей в год Россия тратит на поддержание объектов космодрома), что составляет 4,2 % от общего бюджета Роскосмоса на 2012 год. Кроме того, из федерального бюджета России в бюджет города Байконура ежегодно осуществляется безвозмездное поступление в размере 1,16 млрд рублей (по состоянию на 2012 год). В общей сложности космодром и город обходятся бюджету России в 10,16 млрд рублей в год.",У кого Россия арендует этот комплекс?,"{'text': array(['у Казахстана'], dtype=object), 'answer_start': array([93], dtype=int32)}"
34889,SberChallenge,"Город Байконур и космодром Байконур вместе образуют комплекс Байконур , арендованный Россией у Казахстана на период до 2050 года. Эксплуатация космодрома стоит около 9 млрд рублей в год (стоимость аренды комплекса Байконур составляет 115 млн долларов — около 7,4 млрд рублей в год; ещё около 1,5 млрд рублей в год Россия тратит на поддержание объектов космодрома), что составляет 4,2 % от общего бюджета Роскосмоса на 2012 год. Кроме того, из федерального бюджета России в бюджет города Байконура ежегодно осуществляется безвозмездное поступление в размере 1,16 млрд рублей (по состоянию на 2012 год). В общей сложности космодром и город обходятся бюджету России в 10,16 млрд рублей в год.",На какой период был арендован Россией комплекс Байконур ,"{'text': array(['до 2050 года'], dtype=object), 'answer_start': array([116], dtype=int32)}"
79375,SberChallenge,"Город Байконур и космодром Байконур вместе образуют комплекс Байконур , арендованный Россией у Казахстана на период до 2050 года. Эксплуатация космодрома стоит около 9 млрд рублей в год (стоимость аренды комплекса Байконур составляет 115 млн долларов — около 7,4 млрд рублей в год; ещё около 1,5 млрд рублей в год Россия тратит на поддержание объектов космодрома), что составляет 4,2 % от общего бюджета Роскосмоса на 2012 год. Кроме того, из федерального бюджета России в бюджет города Байконура ежегодно осуществляется безвозмездное поступление в размере 1,16 млрд рублей (по состоянию на 2012 год). В общей сложности космодром и город обходятся бюджету России в 10,16 млрд рублей в год.",Какой страной комплекс Байконур арендуется у Казахстана?,"{'text': array(['Россией'], dtype=object), 'answer_start': array([85], dtype=int32)}"
8128,SberChallenge,"Город Байконур и космодром Байконур вместе образуют комплекс Байконур , арендованный Россией у Казахстана на период до 2050 года. Эксплуатация космодрома стоит около 9 млрд рублей в год (стоимость аренды комплекса Байконур составляет 115 млн долларов — около 7,4 млрд рублей в год; ещё около 1,5 млрд рублей в год Россия тратит на поддержание объектов космодрома), что составляет 4,2 % от общего бюджета Роскосмоса на 2012 год. Кроме того, из федерального бюджета России в бюджет города Байконура ежегодно осуществляется безвозмездное поступление в размере 1,16 млрд рублей (по состоянию на 2012 год). В общей сложности космодром и город обходятся бюджету России в 10,16 млрд рублей в год.",В какую сумму обходится эксплуатация космодрома Байконур в год?,"{'text': array(['9 млрд рублей'], dtype=object), 'answer_start': array([166], dtype=int32)}"
73273,SberChallenge,"Город Байконур и космодром Байконур вместе образуют комплекс Байконур , арендованный Россией у Казахстана на период до 2050 года. Эксплуатация космодрома стоит около 9 млрд рублей в год (стоимость аренды комплекса Байконур составляет 115 млн долларов — около 7,4 млрд рублей в год; ещё около 1,5 млрд рублей в год Россия тратит на поддержание объектов космодрома), что составляет 4,2 % от общего бюджета Роскосмоса на 2012 год. Кроме того, из федерального бюджета России в бюджет города Байконура ежегодно осуществляется безвозмездное поступление в размере 1,16 млрд рублей (по состоянию на 2012 год). В общей сложности космодром и город обходятся бюджету России в 10,16 млрд рублей в год.",Сколько стоит Байконур,"{'text': array(['9 млрд рублей в год'], dtype=object), 'answer_start': array([166], dtype=int32)}"
3546,SberChallenge,"Город Байконур и космодром Байконур вместе образуют комплекс Байконур , арендованный Россией у Казахстана на период до 2050 года. Эксплуатация космодрома стоит около 9 млрд рублей в год (стоимость аренды комплекса Байконур составляет 115 млн долларов — около 7,4 млрд рублей в год; ещё около 1,5 млрд рублей в год Россия тратит на поддержание объектов космодрома), что составляет 4,2 % от общего бюджета Роскосмоса на 2012 год. Кроме того, из федерального бюджета России в бюджет города Байконура ежегодно осуществляется безвозмездное поступление в размере 1,16 млрд рублей (по состоянию на 2012 год). В общей сложности космодром и город обходятся бюджету России в 10,16 млрд рублей в год.",Что образует комплекс Байконур ?,"{'text': array(['Город Байконур и космодром Байконур'], dtype=object), 'answer_start': array([0], dtype=int32)}"
20440,SberChallenge,"Город Байконур и космодром Байконур вместе образуют комплекс Байконур , арендованный Россией у Казахстана на период до 2050 года. Эксплуатация космодрома стоит около 9 млрд рублей в год (стоимость аренды комплекса Байконур составляет 115 млн долларов — около 7,4 млрд рублей в год; ещё около 1,5 млрд рублей в год Россия тратит на поддержание объектов космодрома), что составляет 4,2 % от общего бюджета Роскосмоса на 2012 год. Кроме того, из федерального бюджета России в бюджет города Байконура ежегодно осуществляется безвозмездное поступление в размере 1,16 млрд рублей (по состоянию на 2012 год). В общей сложности космодром и город обходятся бюджету России в 10,16 млрд рублей в год.",У какой страны Россия арендует комплекс Байконур ?,"{'text': array(['у Казахстана'], dtype=object), 'answer_start': array([93], dtype=int32)}"
32916,SberChallenge,"Город Байконур и космодром Байконур вместе образуют комплекс Байконур , арендованный Россией у Казахстана на период до 2050 года. Эксплуатация космодрома стоит около 9 млрд рублей в год (стоимость аренды комплекса Байконур составляет 115 млн долларов — около 7,4 млрд рублей в год; ещё около 1,5 млрд рублей в год Россия тратит на поддержание объектов космодрома), что составляет 4,2 % от общего бюджета Роскосмоса на 2012 год. Кроме того, из федерального бюджета России в бюджет города Байконура ежегодно осуществляется безвозмездное поступление в размере 1,16 млрд рублей (по состоянию на 2012 год). В общей сложности космодром и город обходятся бюджету России в 10,16 млрд рублей в год.",Какова стоимость эксплуатации космодрома в год?,"{'text': array(['около 9 млрд рублей'], dtype=object), 'answer_start': array([160], dtype=int32)}"
34071,SberChallenge,"Город Байконур и космодром Байконур вместе образуют комплекс Байконур , арендованный Россией у Казахстана на период до 2050 года. Эксплуатация космодрома стоит около 9 млрд рублей в год (стоимость аренды комплекса Байконур составляет 115 млн долларов — около 7,4 млрд рублей в год; ещё около 1,5 млрд рублей в год Россия тратит на поддержание объектов космодрома), что составляет 4,2 % от общего бюджета Роскосмоса на 2012 год. Кроме того, из федерального бюджета России в бюджет города Байконура ежегодно осуществляется безвозмездное поступление в размере 1,16 млрд рублей (по состоянию на 2012 год). В общей сложности космодром и город обходятся бюджету России в 10,16 млрд рублей в год.",Во сколько обходится содержание и эксплуатация города Байконур и космодрома Байконур для российского бюджета?,"{'text': array(['в 10,16 млрд рублей в год'], dtype=object), 'answer_start': array([663], dtype=int32)}"
34465,SberChallenge,"Город Байконур и космодром Байконур вместе образуют комплекс Байконур , арендованный Россией у Казахстана на период до 2050 года. Эксплуатация космодрома стоит около 9 млрд рублей в год (стоимость аренды комплекса Байконур составляет 115 млн долларов — около 7,4 млрд рублей в год; ещё около 1,5 млрд рублей в год Россия тратит на поддержание объектов космодрома), что составляет 4,2 % от общего бюджета Роскосмоса на 2012 год. Кроме того, из федерального бюджета России в бюджет города Байконура ежегодно осуществляется безвозмездное поступление в размере 1,16 млрд рублей (по состоянию на 2012 год). В общей сложности космодром и город обходятся бюджету России в 10,16 млрд рублей в год.",Где расположен российский космодром,"{'text': array(['Байконур'], dtype=object), 'answer_start': array([6], dtype=int32)}"
37082,SberChallenge,"Город Байконур и космодром Байконур вместе образуют комплекс Байконур , арендованный Россией у Казахстана на период до 2050 года. Эксплуатация космодрома стоит около 9 млрд рублей в год (стоимость аренды комплекса Байконур составляет 115 млн долларов — около 7,4 млрд рублей в год; ещё около 1,5 млрд рублей в год Россия тратит на поддержание объектов космодрома), что составляет 4,2 % от общего бюджета Роскосмоса на 2012 год. Кроме того, из федерального бюджета России в бюджет города Байконура ежегодно осуществляется безвозмездное поступление в размере 1,16 млрд рублей (по состоянию на 2012 год). В общей сложности космодром и город обходятся бюджету России в 10,16 млрд рублей в год.",У кого был арендован Россией комплекс Байконур ?,"{'text': array(['у Казахстана'], dtype=object), 'answer_start': array([93], dtype=int32)}"
78244,SberChallenge,"Город Байконур и космодром Байконур вместе образуют комплекс Байконур , арендованный Россией у Казахстана на период до 2050 года. Эксплуатация космодрома стоит около 9 млрд рублей в год (стоимость аренды комплекса Байконур составляет 115 млн долларов — около 7,4 млрд рублей в год; ещё около 1,5 млрд рублей в год Россия тратит на поддержание объектов космодрома), что составляет 4,2 % от общего бюджета Роскосмоса на 2012 год. Кроме того, из федерального бюджета России в бюджет города Байконура ежегодно осуществляется безвозмездное поступление в размере 1,16 млрд рублей (по состоянию на 2012 год). В общей сложности космодром и город обходятся бюджету России в 10,16 млрд рублей в год.",У кого Россия арендует космодром,"{'text': array(['у Казахстана'], dtype=object), 'answer_start': array([93], dtype=int32)}"
57199,SberChallenge,"Город Байконур и космодром Байконур вместе образуют комплекс Байконур , арендованный Россией у Казахстана на период до 2050 года. Эксплуатация космодрома стоит около 9 млрд рублей в год (стоимость аренды комплекса Байконур составляет 115 млн долларов — около 7,4 млрд рублей в год; ещё около 1,5 млрд рублей в год Россия тратит на поддержание объектов космодрома), что составляет 4,2 % от общего бюджета Роскосмоса на 2012 год. Кроме того, из федерального бюджета России в бюджет города Байконура ежегодно осуществляется безвозмездное поступление в размере 1,16 млрд рублей (по состоянию на 2012 год). В общей сложности космодром и город обходятся бюджету России в 10,16 млрд рублей в год.",На какой период заключен договор аренды?,"{'text': array(['до 2050 года'], dtype=object), 'answer_start': array([116], dtype=int32)}"
31823,SberChallenge,"Вскоре после прибытия Колумба из Вест-Индии возникла необходимость в разделении сфер влияния между Испанией и Португалией с целью избежания конфликтов.[51] 4 мая 1493 года, через два месяца после прибытия экспедиции Колумба, католические короли получили от Александра VI буллу (Inter caetera), согласно которой все земли к западу и к югу от линии, соединяющей полюса Земли и проходящей в ста лигах западнее и южнее любого из островов Азорских островов или островов Кабо-Верде принадлежали Испании, впоследствии все материковые земли и острова, принадлежащие Индии. Это не устраивало Португалию, которая не могла претендовать на земли, недавно открытые ею к востоку от этой линии.","Кому принадлежали согласно буллы все земли к западу и к югу от линии, соединяющей полюса Земли и проходящей в ста лигах западнее и южнее любого из островов Азорских островов или островов Кабо-Верде ?","{'text': array(['принадлежали Испании'], dtype=object), 'answer_start': array([476], dtype=int32)}"
50186,SberChallenge,"Вскоре после прибытия Колумба из Вест-Индии возникла необходимость в разделении сфер влияния между Испанией и Португалией с целью избежания конфликтов.[51] 4 мая 1493 года, через два месяца после прибытия экспедиции Колумба, католические короли получили от Александра VI буллу (Inter caetera), согласно которой все земли к западу и к югу от линии, соединяющей полюса Земли и проходящей в ста лигах западнее и южнее любого из островов Азорских островов или островов Кабо-Верде принадлежали Испании, впоследствии все материковые земли и острова, принадлежащие Индии. Это не устраивало Португалию, которая не могла претендовать на земли, недавно открытые ею к востоку от этой линии.",В чем возникла необходимость после прибытия Колумба из Вест-Индии ?,"{'text': array(['необходимость в разделении сфер влияния между Испанией и Португалией'],
      dtype=object), 'answer_start': array([53], dtype=int32)}"
